<?xml version="1.0" encoding="UTF-8"?>
<project-private xmlns="http://www.netbeans.org/ns/project-private/1">
    <editor-bookmarks xmlns="http://www.netbeans.org/ns/editor-bookmarks/2" lastBookmarkId="1">
        <file>
            <url>public_html/src/Engine/RigidShapes/RigidRectangle.js</url>
            <bookmark id="1">
                <name/>
                <line>108</line>
                <key/>
            </bookmark>
        </file>
    </editor-bookmarks>
    <open-files xmlns="http://www.netbeans.org/ns/projectui-open-files/2">
        <group>
            <file>file:/E:/GitHub/CSS490/Project%207/TylerQuayleMP7/public_html/src/Engine/RigidShapes/RigidShape.js</file>
            <file>file:/E:/GitHub/CSS490/Project%207/TylerQuayleMP7/public_html/src/Engine/Core/Engine_GameLoop.js</file>
            <file>file:/E:/GitHub/CSS490/Project%207/TylerQuayleMP7/public_html/src/MyGame/MyGame.js</file>
            <file>file:/E:/GitHub/CSS490/Project%207/TylerQuayleMP7/public_html/src/MyGame/Objects/Circ.js</file>
            <file>file:/E:/GitHub/CSS490/Project%207/TylerQuayleMP7/public_html/src/Engine/Core/Engine_Input.js</file>
            <file>file:/E:/GitHub/CSS490/Project%207/TylerQuayleMP7/public_html/src/Engine/RigidShapes/RigidCircle.js</file>
            <file>file:/E:/GitHub/CSS490/Project%207/TylerQuayleMP7/public_html/src/Engine/Output/PrintLine.js</file>
            <file>file:/E:/GitHub/CSS490/Project%207/TylerQuayleMP7/public_html/src/Engine/GameObjects/GameObjectSet.js</file>
            <file>file:/E:/GitHub/CSS490/Project%207/TylerQuayleMP7/public_html/src/Engine/RigidShapes/RigidRectangle_collision.js</file>
            <file>file:/E:/GitHub/CSS490/Project%207/TylerQuayleMP7/public_html/src/Engine/RigidShapes/RigidCircle_collision.js</file>
            <file>file:/E:/GitHub/CSS490/Project%207/TylerQuayleMP7/public_html/src/Engine/RigidShapes/RigidShape_Behavior.js</file>
            <file>file:/E:/GitHub/CSS490/Project%207/TylerQuayleMP7/public_html/src/MyGame/Objects/Platform.js</file>
            <file>file:/E:/GitHub/CSS490/Project%207/TylerQuayleMP7/public_html/src/Engine/Output/PrintHandler.js</file>
            <file>file:/E:/GitHub/CSS490/Project%207/TylerQuayleMP7/public_html/src/MyGame/Objects/GeneralObj.js</file>
            <file>file:/E:/GitHub/CSS490/Project%207/TylerQuayleMP7/public_html/src/Engine/Core/Engine_Physics.js</file>
        </group>
    </open-files>
</project-private>
